Segment,Lines,Images
1,I am happy to join with you today in what will go down in history as the greatest demonstration for freedom in the history of our nation.,"http://www.google.com/imgres?um=1&hl=en&safe=off&sa=N&rlz=1C1GGGE_enUS355US387&biw=1366&bih=653&tbm=isch&tbnid=sac6L8bdkD_caM:&imgrefurl=http://realstorypublishing.com/2012/01/16/the-reverend-martin-luther-king-jr-s-i-have-a-dream-speech/&docid=sD4g_GFkKQnZrM&imgurl=http://rspublishing.files.wordpress.com/2012/01/dr-martin-luther-king-i-have-a-dream-speech4.jpg&w=1024&h=811&ei=W1-mT5rYCYbm4QSlnODFCA&zoom=1&iact=hc&vpx=170&vpy=323&dur=312&hovh=200&hovw=252&tx=120&ty=220&sig=102521586380849688489&page=1&tbnh=131&tbnw=152&start=0&ndsp=22&ved=1t:429,r:15,s:0,i:107"
1,I am happy to join with you today in what will go down in history as the greatest demonstration for freedom in the history of our nation.,http://blackcatsgraphics.com/wp-content/uploads/2011/08/freedom_nobk.gif
3,This momentous decree came as a great beacon light of hope to millions of Negro slaves who had been seared in the flames of withering injustice.,http://www.deltakappasigma.net/beacon_of_light.jpg
3,This momentous decree came as a great beacon light of hope to millions of Negro slaves who had been seared in the flames of withering injustice.,http://thefuturebuzz.com/pics/lighthouse/lighthouse.png
6,"But one hundred years later, the Negro still is not free. ",http://mymill.files.wordpress.com/2009/06/slavery.jpg?w=500
6,"But one hundred years later, the Negro still is not free. ",http://robinwoodchurch.wordpress.com/2011/01/20/the-new-slavery-debt/
6,"But one hundred years later, the Negro still is not free. ",http://aaggblog.nashdigital.com/wp-content/uploads/2010/01/red-chained-wrists.jpg
7,"One hundred years later, the Negro lives on a lonely island of poverty in the midst of a vast ocean of material prosperity. ","http://www.google.com/imgres?um=1&hl=en&safe=off&sa=N&rlz=1C1GGGE_enUS355US387&biw=1366&bih=653&tbm=isch&tbnid=YWehooob6ZqiRM:&imgrefurl=http://larrison.blogspot.com/2011/01/i-have-dream-speech.html&docid=FdLz_D4K29IC9M&imgurl=http://1.bp.blogspot.com/_qtLzMsylpK0/TTTi9i6a0HI/AAAAAAAACLU/BsgnjxiCka4/s1600/Lyndon_Johnson_and_Martin_Luther_King%2525252C_Jr._-_Voting_Rights_Act.jpg&w=1600&h=1071&ei=v1-mT_XmN4SL4gTG9cXRCQ&zoom=1&iact=hc&vpx=944&vpy=160&dur=615&hovh=184&hovw=275&tx=133&ty=82&sig=102521586380849688489&page=1&tbnh=145&tbnw=193&start=0&ndsp=18&ved=1t:429,r:4,s:0,i:83"
7,"One hundred years later, the Negro lives on a lonely island of poverty in the midst of a vast ocean of material prosperity. ",http://blog.travelpod.com/travel-photo/pyres/3/1280781796/desolate-island.jpg/tpod.html
7,"One hundred years later, the Negro is still languished in the corners of American society and finds himself an exile in his own land. ",http://blstb.msn.com/i/B3/1A3DE19CAC9E47568F8FD85B308394.jpg
7,"One hundred years later, the Negro is still languished in the corners of American society and finds himself an exile in his own land. ",http://www.colorlines.com/archival_images/sheptock05_540.jpg
9,And so we've come here today to dramatize a shameful condition.,http://www.flickr.com/photos/19378856@N04/2037098785/
9,And so we've come here today to dramatize a shameful condition.,http://www.abqartists.com/stephen-barnes/images/sadness.jpg
9,And so we've come here today to dramatize a shameful condition.,http://socialter.fr/files/2010/06/100_1931-300x225.jpg
10,In a sense we've come to our nation's capital to cash a check.,http://t0.gstatic.com/images?q=tbn:ANd9GcSB3bKNV_uEzsTgxsuERBAsEkWcJ08ylaTXtMQAEe7SHGcXwIdh
11,"When the architects of our republic wrote the magnificent words of the Constitution and the Declaration of Independence, they were signing a promissory note to which every American was to fall heir. ",http://images1.wikia.nocookie.net/__cb20110715135121/althistory/images/d/de/Signing-constitution.jpg
11,"When the architects of our republic wrote the magnificent words of the Constitution and the Declaration of Independence, they were signing a promissory note to which every American was to fall heir. ",http://www.icivics.org/teachers/lesson-plans/constitution-day
11,"When the architects of our republic wrote the magnificent words of the Constitution and the Declaration of Independence, they were signing a promissory note to which every American was to fall heir. ",http://www.newseum.org/news/2010/12/7968.jpg
12,"This note was a promise that all men, yes, black men as well as white men, would be guaranteed the ""unalienable Rights"" of ""Life, Liberty and the pursuit of Happiness.""",http://kourtneyrichard.com/wp-content/uploads/2011/05/white-guy-glass-and-black-woman-300x214.jpg
13,"It is obvious today that America has defaulted on this promissory note, insofar as her citizens of color are concerned.","http://www.google.com/imgres?q=It+is+obvious+today+that+America+has+defaulted+on+this+promissory+note,+insofar+as+her+citizens+of+color+are+concerned&um=1&hl=en&sa=N&biw=1366&bih=643&tbm=isch&tbnid=6SxY_NTscKkUlM:&imgrefurl=http://www.terrymarshallfiction.com/I-Have-a-Dream.html&docid=snoOP3LkGSTWhM&imgurl=http://www.terrymarshallfiction.com/images/MLK-gesturing-at-March-on-DC.jpg&w=500&h=344&ei=8tWlT_LlJZOq8ASdgt2fAw&zoom=1&iact=hc&vpx=489&vpy=310&dur=442&hovh=149&hovw=206&tx=176&ty=95&sig=102165180490905516554&page=1&tbnh=138&tbnw=186&start=0&ndsp=21&ved=1t:429,r:9,s:0,i:93"
13,"It is obvious today that America has defaulted on this promissory note, insofar as her citizens of color are concerned.",http://www.cashflowhomesnews.com/wp-content/uploads/2010/11/Promissory-Notes.jpg
18,We have also come to this hallowed spot to remind America of the fierce urgency of Now.,http://www.doe.state.la.us/images/headers/091310_urgency.jpg
18,We have also come to this hallowed spot to remind America of the fierce urgency of Now.,http://www.hidden-hills.com/joanboryta/web-images/boryta-hallowed-ground.jpg
19,This is no time to engage in the luxury of cooling off or to take the tranquilizing drug of gradualism.,http://richgee.com/wp-content/uploads/2012/01/king-300x215.jpg
19,This is no time to engage in the luxury of cooling off or to take the tranquilizing drug of gradualism.,"http://www.google.com/imgres?q=civil+rights+movement&hl=en&gbv=2&tbm=isch&tbnid=yRBGmUGHDYfCiM:&imgrefurl=https://lcrm.lib.unc.edu/blog/index.php/2010/08/27/glenn-beck-to-reclaim-civil-rights-movement/&docid=bf3d7u1V3mCCJM&imgurl=https://lcrm.lib.unc.edu/blog/wp-content/uploads/2010/08/hall_fig01b.jpg&w=650&h=437&ei=XQ-mT7qBJIm1gwfo0swG&zoom=1&iact=hc&vpx=490&vpy=325&dur=66&hovh=184&hovw=274&tx=131&ty=103&sig=109158992789481148432&page=1&tbnh=124&tbnw=170&start=0&ndsp=22&ved=1t:429,r:9,s:0,i:159&biw=1441&bih=647"
19,This is no time to engage in the luxury of cooling off or to take the tranquilizing drug of gradualism.,http://www.now.org/images/rounds/racism-circle.gif
20,Now is the time to make real the promises of democracy.,"http://www.google.com/imgres?um=1&hl=en&safe=off&sa=N&rlz=1C1GGGE_enUS355US387&biw=1366&bih=653&tbm=isch&tbnid=BB3NgYGleQswMM:&imgrefurl=http://www.teapartytribune.com/2011/01/17/martin-luther-king-i-have-a-dream/&docid=ve-51Wz0V5U-WM&imgurl=http://cdn1.teapartytribune.com/wp-content/uploads/2011/01/i_have_a_dream.jpg&w=500&h=318&ei=Ol-mT4fOF4ej4gTuvr2rCQ&zoom=1&iact=rc&dur=510&sig=102521586380849688489&page=1&tbnh=141&tbnw=191&start=0&ndsp=18&ved=1t:429,r:1,s:0,i:77&tx=93&ty=1"
20,Now is the time to make real the promises of democracy.,http://www.illumemagazine.org/democracy.html
20,Now is the time to make real the promises of democracy.,http://t2.gstatic.com/images?q=tbn:ANd9GcThtel8xyRzvClgfy87hYIOXy_w2iL-tyg29XpyHf1jFaaLhglL5g
23,Now is the time to make justice a reality for all of God's children.,http://2.bp.blogspot.com/-WLTd7_adkOM/Te4_obkoIOI/AAAAAAAAA2c/oRiepc6Xap8/s400/amazing+child.jpg
23,Now is the time to make justice a reality for all of God's children.,http://www.kacc.com/cms/images/stories/all_gods_children.png
23,Now is the time to make justice a reality for all of God's children.,"http://www.google.com/imgres?um=1&hl=en&safe=off&sa=N&rlz=1C1GGGE_enUS355US387&biw=1366&bih=653&tbm=isch&tbnid=gx08d0CWb3GRjM:&imgrefurl=http://www.ctgop.org/2011/01/the-lessons-of-martin-luther-king-jr-still-ring-true/&docid=e7JADgziVBhiRM&imgurl=http://www.ctgop.org/wp-content/uploads/2011/01/I-Am-a-Man2.jpg&w=926&h=536&ei=v1-mT_XmN4SL4gTG9cXRCQ&zoom=1&iact=hc&vpx=729&vpy=166&dur=2&hovh=171&hovw=295&tx=110&ty=56&sig=102521586380849688489&page=1&tbnh=112&tbnw=193&start=0&ndsp=18&ved=1t:429,r:3,s:0,i:81"
24,It would be fatal for the nation to overlook the urgency of the moment.,"http://www.google.com/imgres?um=1&hl=en&safe=off&sa=N&rlz=1C1GGGE_enUS355US387&biw=1366&bih=653&tbm=isch&tbnid=rizbrl1ApJSNVM:&imgrefurl=http://continuumfilmblog.typepad.com/continuum_film_blog/political/&docid=lv0QwiEguv4c4M&imgurl=http://continuumfilmblog.typepad.com/.a/6a00e54f8ea81b8833010536db4c7f970b-800wi&w=538&h=600&ei=8V6mT9CDHKeD4gTqudjGCQ&zoom=1&iact=hc&vpx=337&vpy=131&dur=613&hovh=237&hovw=213&tx=126&ty=59&sig=102521586380849688489&page=1&tbnh=140&tbnw=132&start=0&ndsp=18&ved=1t:429,r:1,s:0,i:77"
26,"Nineteen sixty-three is not an end, but a beginning.",http://continuumfilmblog.typepad.com/.a/6a00e54f8ea81b8833010536db4c7f970b-800wi
26,"Nineteen sixty-three is not an end, but a beginning.",http://i8.glitter-graphics.org/pub/2785/2785078nzkjynvh95.jpg
26,"Nineteen sixty-three is not an end, but a beginning.",http://www.strangecosmos.com/images/content/156401.jpg
27,And those who hope that the Negro needed to blow off steam and will now be content will have a rude awakening if the nation returns to business as usual.,http://www.niot.org/sites/default/files/uploads/i-have-a-dream-speech-martin-luther-king(1).jpg
29,The whirlwinds of revolt will continue to shake the foundations of our nation until the bright day of justice emerges.,http://www.theblaze.com/wp-content/uploads/2011/11/AP111103011271.jpg
29,The whirlwinds of revolt will continue to shake the foundations of our nation until the bright day of justice emerges.,http://kingsenglish.info/wp-content/uploads/2011/06/tornado-12430.jpg
31,Let us not seek to satisfy our thirst for freedom by drinking from the cup of bitterness and hatred.,http://insanelyserene.com/wp-content/uploads/2011/10/No-hate-illustration-blakeemrys.jpg
32,We must forever conduct our struggle on the high plane of dignity and discipline.,http://reneewarren.com/wp-content/uploads/2011/07/discipline.jpg
32,We must forever conduct our struggle on the high plane of dignity and discipline.,http://electronicintifada.net/sites/electronicintifada.net/files/artman2/1/070607-peace-now.jpg
33,We must not allow our creative protest to degenerate into physical violence.,http://thesocietypages.org/socimages/files/2011/11/usdavis.jpg
41,We can never be satisfied as long as the Negro is the victim of the unspeakable horrors of police brutality.,http://4.bp.blogspot.com/-abU1eqrIGcI/TxQj4_H3WmI/AAAAAAAABZo/i4B_J2n8TXM/s1600/martin-luther-king.jpg
42,"We can never be satisfied as long as our bodies, heavy with the fatigue of travel, cannot gain lodging in the motels of the highways and the hotels of the cities.",http://www.sidewalklyrics.com/wp-content/uploads/2007/05/jamesdean.jpg
42,"We can never be satisfied as long as our bodies, heavy with the fatigue of travel, cannot gain lodging in the motels of the highways and the hotels of the cities.",http://media.travmonkey.com/wp-content/uploads/2009/10/backpacking-weary-traveler.jpg
43,We cannot be satisfied as long as the negro's basic mobility is from a smaller ghetto to a larger one.,http://cinematreasures.org/theaters/17424/photos/38774
43,We cannot be satisfied as long as the negro's basic mobility is from a smaller ghetto to a larger one.,http://2.bp.blogspot.com/_hphPI2BUE1I/TU17YedcsOI/AAAAAAAAAMs/ODvfZRMVnhk/s1600/Harlem.jpg
43,We cannot be satisfied as long as the negro's basic mobility is from a smaller ghetto to a larger one.,http://www.beyondblackwhite.com/wp-content/uploads/2012/01/ghetto.jpg
44,"We can never be satisfied as long as our children are stripped of their self-hood and robbed of their dignity by signs stating: ""For Whites Only.""",http://www.runwithmcp.org/dev/sites/default/files/Clermont%20Center%20children%208%202009%201_0_1.jpg
44,"We can never be satisfied as long as our children are stripped of their self-hood and robbed of their dignity by signs stating: ""For Whites Only.""",http://t1.gstatic.com/images?q=tbn:ANd9GcR7S-T1iv8N5ZgG0b4oLn68wi-LGsik0y2mnVWePF0aHH1T2UTsHA
45,We cannot be satisfied as long as a Negro in Mississippi cannot vote and a Negro in New York believes he has nothing for which to vote.,"http://www.google.com/imgres?um=1&hl=en&safe=off&sa=N&rlz=1C1GGGE_enUS355US387&biw=1366&bih=653&tbm=isch&tbnid=FWNrtOHOoq48tM:&imgrefurl=http://www.jinfitness.com/2012/01/happy-martin-luther-king-day.html&docid=nXt-v5qoA6p7xM&imgurl=http://4.bp.blogspot.com/-abU1eqrIGcI/TxQj4_H3WmI/AAAAAAAABZo/i4B_J2n8TXM/s1600/martin-luther-king.jpg&w=400&h=323&ei=W1-mT5rYCYbm4QSlnODFCA&zoom=1&iact=hc&vpx=659&vpy=316&dur=40&hovh=202&hovw=250&tx=86&ty=112&sig=102521586380849688489&page=1&tbnh=141&tbnw=181&start=0&ndsp=22&ved=1t:429,r:11,s:0,i:98"
46,"No, no, we are not satisfied, and we will not be satisfied until ""justice rolls down like waters, and righteousness like a mighty stream.""",slavieboy.blogspot.com
46,"No, no, we are not satisfied, and we will not be satisfied until ""justice rolls down like waters, and righteousness like a mighty stream.""",http://nipunscorp.com/wp-content/uploads/2011/06/waterfall-landscape-wallpaper1.jpg_2akewo1.jpg
47,I am not unmindful that some of you have come here out of great trials and tribulations.,"http://www.google.com/imgres?um=1&hl=en&safe=off&sa=N&rlz=1C1GGGE_enUS355US387&biw=1366&bih=653&tbm=isch&tbnid=FmNLcO95bKHfyM:&imgrefurl=http://www.fatih.edu.tr/~myilmaz/Dinleti/American%2520Rhetoric%2520Martin%2520Luther%2520King,%2520Jr_%2520I%2520Have%2520a%2520Dream.htm&docid=4NSbnY5ofF-IfM&imgurl=http://www.fatih.edu.tr/~myilmaz/Dinleti/American%252520Rhetoric%252520Martin%252520Luther%252520King,%252520Jr_%252520I%252520Have%252520a%252520Dream_files/martinlutherkingIhaveadream2.jpg&w=270&h=376&ei=W1-mT5rYCYbm4QSlnODFCA&zoom=1&iact=rc&dur=453&sig=102521586380849688489&page=1&tbnh=155&tbnw=97&start=0&ndsp=22&ved=1t:429,r:6,s:0,i:87&tx=9&ty=27"
49,And some of you have come from areas where your quest -- quest for freedom left you battered by the storms of persecution and staggered by the winds of police brutality.,http://images.huffingtonpost.com/gen/32320/thumbs/s-POLICE-BRUTALITY-large.jpg
49,And some of you have come from areas where your quest -- quest for freedom left you battered by the storms of persecution and staggered by the winds of police brutality.,http://im.rediff.com/getahead/2010/aug/20monsoon1.jpg
49,And some of you have come from areas where your quest -- quest for freedom left you battered by the storms of persecution and staggered by the winds of police brutality.,http://images.huffingtonpost.com/gen/32320/thumbs/s-POLICE-BRUTALITY-large.jpg
51,Continue to work with the faith that unearned suffering is redemptive.,"http://www.google.com/imgres?start=48&num=10&hl=en&safe=off&rlz=1C1GGGE_enUS355US387&biw=1366&bih=653&tbm=isch&tbnid=dB2I5iNEMOruVM:&imgrefurl=http://filipspagnoli.wordpress.com/2009/12/01/human-rights-ads-32-racism/&docid=EV7EPy-XdDGPxM&imgurl=http://filipspagnoli.files.wordpress.com/2009/02/ad-benetton-racism-white-black-yellow-hearts.jpg&w=870&h=601&ei=D2GmT-hw6OThBJ-BoZ0J&zoom=1&iact=hc&vpx=467&vpy=270&dur=531&hovh=187&hovw=270&tx=239&ty=66&sig=102521586380849688489&page=3&tbnh=151&tbnw=198&ndsp=25&ved=1t:429,r:20,s:48,i:107"
52,"Go back to Mississippi, go back to Alabama, go back to South Carolina, go back to Georgia, go back to Louisiana, go back to the slums and ghettos of our northern cities, knowing that somehow this situation can and will be changed.",http://www.sfbayview.com/wp-content/uploads/2009/10/Detroit-Rebellion-12th-St.-Clairmount-0723671.jpg
52,"Go back to Mississippi, go back to Alabama, go back to South Carolina, go back to Georgia, go back to Louisiana, go back to the slums and ghettos of our northern cities, knowing that somehow this situation can and will be changed.",http://www.voice-online.co.uk/sites/default/files/imagecache/455/martin-luther-king2_0.jpg
53,"Let us not wallow in the valley of despair, I say to you today, my friends.",http://www.mnartists.org/uploads/users/user_6900/90acc5c21d5806c75d05756d16d051a7/90acc5c21d5806c75d05756d16d051a7.jpg
53,"Let us not wallow in the valley of despair, I say to you today, my friends.",http://history-world.org/peacehands.jpg
54,"And so even though we face the difficulties of today and tomorrow, I still have a dream.",http://halfwaybetweenthegutter.files.wordpress.com/2012/03/dream.jpg
54,"And so even though we face the difficulties of today and tomorrow, I still have a dream.",http://matthewhyde.files.wordpress.com/2012/04/434px-martin-luther-king-1964-leaning-on-a-lectern1.jpg
54,"And so even though we face the difficulties of today and tomorrow, I still have a dream.",http://www.markmallett.com/blog/wp-content/uploads/2009/08/Persevere.jpg
56,"I have a dream that one day this nation will rise up and live out the true meaning of its creed: ""We hold these truths to be self-evident, that all men are created equal.""",http://www.facebook.com/pages/I-Have-a-Dream-That-One-Day-This-Nation-Will-Rise-Up-and-Live-Out-the-True-Meaning-of-Its-Creed-We-Hold-These-Truths-to-Be-Self-Evident-That-All-Men-Are-Created-Equal/374759982884
56,"I have a dream that one day this nation will rise up and live out the true meaning of its creed: ""We hold these truths to be self-evident, that all men are created equal.""",http://us.123rf.com/400wm/400/400/zurijeta/zurijeta0911/zurijeta091100409/5898339-shaking-hands-black-and-white-in-the-office.jpg
57,"I have a dream that one day on the red hills of Georgia, the sons of former slaves and the sons of former slave owners will be able to sit down together at the table of brotherhood.","data:image/jpeg;base64,/9j/4AAQSkZJRgABAQAAAQABAAD/2wCEAAkGBhQSERQUEhQVFBUVFRUQFRUUFxQUFRUWFBcVFBgVFBQXHCYfFxkjGRQWHy8gIycpLCwsFx4xNTAqNSYrLCkBCQoKDgwOGA8PGikcHB8pKSksLCwpLCksKSkpKSwpKSkpKikpLCksLCwsLCkpKSwsKSwpKSkpKSwpLCksKSksLP/AABEIAMIBAwMBIgACEQEDEQH/xAAbAAACAwEBAQAAAAAAAAAAAAABAgADBAUGB//EADsQAAEDAgMFBgQFAgYDAAAAAAEAAhEDIQQxQRJRYXGRBQYigaGxE8HR8BQyQlLhYvEHFSNTcoIWM6L/xAAaAQADAQEBAQAAAAAAAAAAAAAAAQIDBAUG/8QAKBEAAgIBAwQDAAIDAQAAAAAAAAECEQMSITEEE0FRFCJhUqFCcZEy/9oADAMBAAIRAxEAPwDQojCK9qzzCIqAJoRYUBFSEYRYgQiijCLACiIRhKwAoijCAFRRhSEWAFE0KQgBVE0IQnYCqJoUhIBFE0KQnYCKFNCEJAIgU8IQgBFCmhAhMBEITkIQiwEhAhOlhMYsKJkEWBdCMIwjCgYEQEYRARYgQiEYRhKwBCkJgEQEALCMJoUhFgLCMJoUhFgLCMIwjCLAWFITQpCLASFITwpCLASFITQpCLASFCE0KQgBIQhPCkIsCshCFZCEIsCuECFZCUhOwEhCE5CEIAQhLCshCEwEhRNCiALYRATQjCiyhQEYTAIwkIUBGEwCMIsYoCMJoRARYhYUhNCMIsKFhSE0IwiwFhSE0KQiwoWFITQpCLAWFITQpCLChYQhPCkIsBIQhOpCLArhSE8JSiwFhAhNKEosBYQhMgmFCkJSE/kgQiwEhCE8FLsosBYUTbPFBOwLi4bwkpYlrhLXA+a8LW7a2abgRBf+eoXSb5QMgslGuXOs90CTkYHG3kvJl16/xVnYun9s+lwiAuX2L2k17Gt2i5wbfM24nJdUNC74ZFNJo55RadEARKIYgWKrJACmlRrE8IsBJRlPCkIsKERTwpCLChfL2UTQjCLChIUgqyEIRYUJCmynhSE7CivZU2eashCErCivZU2FZCEIsKK9hTZVkIEIsKK4UhPCEIsKEhLCshCE7ArhAhWQlhFiEhAhOQhCdhQkKJoRTA+W06zQ0/EG0YiCQMrag8EmHruadho2WnTS/ELJiKh27TBuTeZ3rRRcSBN+OS+VbelHsUrPR9iVTTLphrQJz33yXcwnbjdqJtne25ePc/8AKfbpCrHaAmBnqIKvH1MoKooHji+T6lQrB4BBkcFbC8P3V7ULarWk2dLSJgAm4POfde6Xs9NnWaN8HDmxdt14BCkJoRhdFmFCwjCMIwixiwpCZRFhQIUhFGEWFCqQmhSEWAsKQmhQosKFhCEKtZrR4iBzMLm4nvHSbkS48BbqVLmlyNQb4OmgTC8xie9TzZjQ3nc8wuTica95lzieZWMuoS4No9O3yesx3bdOmM9o7mn3Oi4tbvFUcfDDRuz6lccMR2OK5p9S3+HRHBGPO52Wd5agzDT6FaqXelh/M0joV5l1XcJn080BVI0HVOOaa8g8MX4PY0+3qJ/VHMFW/wCa0v8Acb1Xii/y9QgQVouoZm+nie1/zSl/uN6oDtWl+9vVeIlEcVXffoXYR6uv3ipDKXcvqVXS7yUybhw6H2XmNlKVPfkHYie4ZjqZEh7Y5hReHLRvQV/Ifon46M78Oz8sTM53nyWWnhC1w3ZiZ35LWXEnZcJEAgi0cieSvdTAAgTeYJuJ+q+ZU3HY9NxTMGKouLvCYH5hGvBUfEg2bJtMaK+tRdtkl1hpEeUZnJJUdAkCD6xyWy4IaL8LjdlwtBEOHGOK9v3c7x/FhlSzzJB3jcvA0jNyeQgBaMFiDtB0wWmwmI485K1w5XidrgJY+4qZ9XRXkuz+9JGyHkRAbx5k8l6inWa4AhwIOUar2sfURyK4nnzwuHJcoq5hVOxTRm9o5uCvuE9s1IErnu7TpjOo3yM+yyu7epibkjl9UnkKWI7Bqjej8Qb15+t3kb+mmTzIC51bt57tQ3kPmVn3S1iR68VgqK3adNn5ntHCfovGPxzjm93Uqpz1PeZfYR6qt3opD8oc7ygdSuVie81V1mwwcBJ6lcd5j2Ve3Kh5ZMrtRW9GivWc4y4kniZ91S4TfRVEomFBS/B5AUSzuv8ARXBhWcmkaxdhY61/oqnVtBlmo8k5ckrW+yzpclBLiUjlbGdlVVIgm55BNSE0LBOVlY0NAz/uqDUkcEgKbtgqNQchZZ54p5EZ/RFtFUi4tsVXsqsVJyKWpWIGt/uEamS0H8RxA5qINpf0g8VFepCpkcwCSCJiQYsI/sloVY2RcEnmLamRZNhmj8pM+YFs7+qvpwCAAM/rl0C8VtLk2MtXBPNzAhxyEkiwnPd7rKKVx6nPyC6GLrRne2QPHPouViq0GZi+XzC1xtyIl7NNN8nKBlCeIvDbwPuFmw9Sbg8+cWzzVzcSWEbcxysdJlEk7Kxvc1VGkAEi3WFtw/bJphuxMtIg7UgE5+EAWO5ZKjA5pjS9pzj3VTHNFyIjOT7pYsjjwzaUFLk7FbtB9Q+Nxn05AZBUE6Sqmvk58k4HFespnE4BaDyTFspQ48I5pyT/AGuhyKUPZNlIXBLtHj6pRrKLDSiz4g4pBU3IyJ+7otcNR00UuSW40mK1smbokCOKtbSkSJtooIIXNHqlJ0Xp9lCghR2cJdny1t92XVZi1vsXU36b/ZX7RDY458Fh2rHLgkqVSYz5Bc893sbLg1gZkIOZOfK29ZaYOWXmmNQg9NdUtwHc64AyiDfeqnzxsUJkzkd6hequhUiFmo424IPIyjimFQIioNRIiLGCi7HsimWnTeeiIcNPr6FaO0mNa7ZgZNNjbxMByPNc51fdc7pHopc0iWzQTxHsqw+TwH3l95rOa85nkbAf2Vu00QZNhprl85Ua9w1I1AqLEe0afHootStRn/D+JgJd4TJI3D1Ge5dWjsgACYnWTY7ikdD2mbu8Qi/QkZWIuqKNAtAmxABEzmczHmuOf2W4lsbca2W7UZbgCZ3rg4h7S6/qAcvYrqury128A8o5arz9OgRUDS6WzJzyF8t+irp47O/AZGa3VYdANt+7OMlvpYufCPdc2pLZ3G51N7rXQrDS31VTjasmMqZ1qTDoQDFiufteMh1iCZvY8eS3USSAuZ2k0tNwYiZF7Tcclz4lcmjsvydag2B8/orS29lh7POy0S6Sb6W4cVqDuML0MT+vJy5f/VFkymn0UtGaVo+yrsXAwGsqB53qF9oVFV+7zUznpQJ3wadu2h8khraR7qp9aB6cFSD4SuOeS1TNEbGVodrfSfZOAJ1usBxIOyTy3cfkVpOIaM7fThC5lFxdlWhqjxwJn7uqakkRIi0QflCs+GJ3jcQi1txFiJytnvXZ3eCaM1JhndOZkEDdqg1rgRtB0QQYEgEctFfqYVT3EZcFpbYqoG1ciNSJ3qGsQctY9kj8XAsSY0+9Fmdjzx371LaopWa/i5TwSB0zJzkSs7sZvjdoubW7caLW36qIqU9kTKaR2Wk6mdfRZ8Z2mym24kmQN/RcsduNkWnQ337gc1VUrUto7e1DmyHAAwRlabXG/VbRxSv7HPLJfB6PvXitl1CAA6rRY8k2jwhgHRpXEoY3akOFxLbReE/eWr46fiiaFAiRM/6YEyOW5cSlVG/mI9c1t2k0ZNuzuugZ3vvy4qnDY0E5wJzXNbjiRsudadxnqi/DCTL8htAwbi0Jdml9gTOkXM1IlRcX4kW2lFXY/Q1HtqFEF5MG0Enj5aQkfWmJ/cfK3qul+CHiAkF2f8cFyauGLSNoH80awd0LzludgOA1kcloo0Gw4H9QAO8Rksrz4iOZ9UXVon78lMk/BqqrcrqYIAky62QtDtPK8LC3FeLIxe2ccl0m4owB6Dcsxp7bjAg781tGX8jnkvRvwmJiANeGm5aK12neLhYKJDLXtrZbGVNpph0rmnGnaNoTMldgAkWuCb9PJZamJc4cl0DRnwn3jJK3AmHjQgC2dr23ZQtoSXkznFzbkivB4q4B1XTLiuRQ8JEjWLj3W7D12nbdNh4t0QRpugreM6MfwvLwBeVj+LmVTisbtQJt8lY7EbLLXnK3qVlOTkzaEULisXEDePdNQY+PDBncRl5rk1cZcGNfuy6QxssM5jdEJPG0kGoy4Si/4o2gbB1tNBPNdMbQAab5iTmY4IYfEWaS6ZE5Rp/MyndIaWzJkxqTqY4pSlbJSL3NOyD/ANRH3wQAM39EuExVgDmBkdDy80+zrfLy6LF+jWLEfI+f1VVWWn5/RNUxEcSEuIxIc02gjLjeCIRHUv8ARpKdi7LXadEuIotDTdI2omqVDsm05q0mmZSlZxKXaUnSOOsZLnVsQ0XaBM6jQ3ustWrd0WuVSvYhhS3OF7l1WttcOSUvkcslWitkhHd70Z0OOFw5/wDiPkuG0ru96D4cId+EpehePkuClHgbLwJyic+av/F2LXTwOrfPUcPNZ8G+HtPEe6mMbDzzU1vQg7JQVW0or3FR9W4FK5ktIdB3b0leR/OUJ6FWQY+kbwV4B6Jysfhdg7Qkh1uS5pM7W6F6Y1RqM/dZx2fTcSQLTlMCdbKlIPBwKbxvPP8AlXVW2Dmnh/MrtCgG2jwm0AWHMLn4/CBshtwRYboiQnqtk87GRuIAgOzPn66LVTfBtkkZhnBlwDPh+xyKmEwgkzpcJS00yVGRpa//AFGgC7rRvldDE0NkH9NyDuny81KXZoY5hL2ukB0tk7O1NjllK0MxNjLZA4G+gslGKl9fIatLs5r8P8SJBOW6+9Zcdgvhl7GuBDhnFxwK6lfF7LRDN/6D8lx6/ajmk+BpkyC7bHlY2XVHppJbMl5k3ujjNfDiH2LbRCeritoiDbnHVYO2caX1NojZItEuPqVkOMJgZroWG6Zn3EX4x+6LbteK6HZtBxbczOQ9YXNoGYGZ625LfTxWy4ATNhH8IyJ6dKBc2b2BwBF5AtuGQz8pWqvtbO8gxxNrcr6rlioGkybEBoGuc3GlrKdodpl42WBwB8JdvIi2/Rc/bbaKujrDGNiHG54X6jctURaZuOHFcTscgug/pIHzXWxb7ndnzy+qwyR0vSaQdqyus6fPJGpTzsqa2JAFs8xvslGNv4vudUqdDchg47WXL73KVZkjLfGcIGpBn3OpVOOxTQxxuHQbjhzVRTbQnJUeUrNhxA0JCrT1M/VIvaRxkWzsvsx+IqCnSG08hzgJAkNBcbngFjT03wUwPVd6OwazcPh6jm+ClRZScZBuXOcPKHtHOy8mF3e3Hk4XBGTenUB4ltV2fVcJTDgqXJfVo7JBGREj6IYt8u++fzTU6ssLTpcfRUPmboS33JBKi0UzTgSDPNROwPqBE520VDnETwvO8KYbEbQh0tO64PlN0ahBF724XjUrwWd1jCrLQQc7IPYdppBiBceyztokNJYACLhvGbq6k4lviHRIC0OnMDP752VGN7PeCwubAd4hM3HDyhUt2i7I5W1ym/qtmM7Qe4sa4ZCRAiZF56BG1MS2Y72tIhrQOpJTYHs1heQ5wYGsc6SCTIi2yL3WZtWCDuvZWU6viLgbuGy4wdpwzgmMlmnFeCpT/SOaTkIgRkbKVviNa0DZvLt2eWfD3W2lStLiQPOTwG/mkqHaJP2OC7unx6fsc8mc2o2sW5ZftcPZc6rQqfqp1SDyPzXqaDIBlQtXZZnR47snu/TrYgsxTjh2hssNQGHmQNkCW8bzqk7292aFBzG4aoa7S2XvYCQ1+07wm5i0ar2QwrXWLGnmBI81X+HDJ2QBwgKVJtja2Plnw3MNx1BHoUW1LybkcfZfUTRY8QWDoI6ZLFie5uHeC7YiM9nwm9sss1Wt/wCSBHicHtVttrYybExMA79Vsx2EDWfm8TWNcQGkCC5ou7aIzO7Rd/C906VF220uNsnw4ZggiI3J8b3N+IXEVA3aaGwGmBDg+bu4LDvQ1VwjXtNxu9/R5Ls3EhrzJO+c55rpYvHBzJDrzI5c/vJX1f8ADx2fxwebT9VU/uJUi1Ybog5dVM5YXLVq/ohKcVVHAHaZ2rn571qf2mHAZSIzsuiP8P361WDyK0YPuGwO/wBWqXNg2YNl06GTK0ll6f2JKZxG4q5G0BuvKw18aSTuMr0ju4gB/wDdy8N443TN7kU9apPIAJLqMEd7/oNEmeQe6Uq9me59AZ1Hjzb9Eo7rYb/cefMfILT5uL9/4LtyPHKL2X/itDQu65+isb3Qp6A9T80vnY/0O3I4vaTScFhP6TX6F7SPmuZR7NqOIAYbmJItcwvb/wCQACBkNIsFazD1ACI0zjpZYfNpfVGqxXuzzPZXYU/GbUBaWlgB1uXAgHcbHyC3t7s0tkuIcSHNbnoZvbWy7dGhUhxcJLgMrZEJxSOyQQbkOy3T9VS6pPduiHifg86exaI/QepUXXf2e4klRP5Ef5C7bOpTaQBMk5TqYS1sNMbtd8arQzDcz5pmYUD+/wBSubszfo21IyNo+EGbjO+YVtARf0WnZb9/2REaSeQVLpn5Yu4LtQ6QJHT3SvaXHIDqfZXtpn9vWAnDDrsjzlV8eC5YdyTMjcINZPorm0oyAHqepVrQP3dLKVgwAEnqU4vFDhC0yZXsbz6ohwCArs3BI7tBukdEPqYoO2XFxOhKOy7cBzKT8ROqnxBvUPqvSGsYXA7+inwN/qi0hOLrJ9TLxsWsa8gDI4JX7W+eafaCJcFm8035L0RM9VrjmUpxLhqr3Rv3qeHmsm2x0YnYg5wepTNx39JWoRuRcwbgjcKMv44H9J6lEYoD9J6rUaHAKCjaYH35JpSCjMcQw5gpfxNPcVe+nP6R1/hD4QE+H76KvsLYT8TT3c0XObB+pQNMbvZEf8VasTF+KNw8yif+I6oPn9pjz+iofSB0cOq2S/CGXl/9PqEu2P2+yyPpkauHVUODv3kffFVpXoVnVEHT1CDqI49QuYxjv3z0+iLg79x6q6j6J3N34Zu53oiuYSd56hRGmHodv2dAFXUmqKLs8mR0WUxGQ6IUlFEmCDUtks7/AMrlFFw5uTpjwZz8inoUwSZANhpwRUXOMBpjcOippZnyUUSYIRwsef1Sk3CiiyYD03HaPMrQDYeaKiEMFQ28kjsv+vzUUTAtpi6uDBuCiiqIIchWtaIyRUW6GJVCqeooqJJp5KBtlFEEhhK3NRRUgZJSOKiioRCs9Vo3KKJCKYR2BOQUUQAhYNwUUUTA/9k="
57,"I have a dream that one day on the red hills of Georgia, the sons of former slaves and the sons of former slave owners will be able to sit down together at the table of brotherhood.","http://www.foreignpolicy.com/articles/2012/03/06/who_said_it_bush_or_obama?page=0,7"
57,"I have a dream that one day on the red hills of Georgia, the sons of former slaves and the sons of former slave owners will be able to sit down together at the table of brotherhood.",http://ascirseniorsem.files.wordpress.com/2011/02/reconciliation_web.jpg
58,"I have a dream that one day even the state of Mississippi, a state sweltering with the heat of injustice, sweltering with the heat of oppression, will be transformed into an oasis of freedom and justice.",http://www.el-oasis.org/Photos/El-Oasis1.jpg
58,"I have a dream that one day even the state of Mississippi, a state sweltering with the heat of injustice, sweltering with the heat of oppression, will be transformed into an oasis of freedom and justice.","http://www.google.com/imgres?um=1&hl=en&safe=off&sa=N&rlz=1C1GGGE_enUS355US387&biw=1366&bih=653&tbm=isch&tbnid=BB3NgYGleQswMM:&imgrefurl=http://www.teapartytribune.com/2011/01/17/martin-luther-king-i-have-a-dream/&docid=ve-51Wz0V5U-WM&imgurl=http://cdn1.teapartytribune.com/wp-content/uploads/2011/01/i_have_a_dream.jpg&w=500&h=318&ei=Ol-mT4fOF4ej4gTuvr2rCQ&zoom=1&iact=rc&dur=510&sig=102521586380849688489&page=1&tbnh=141&tbnw=191&start=0&ndsp=18&ved=1t:429,r:1,s:0,i:77&tx=93&ty=1"
60,I have a dream today!,http://lorettalovehuffblog.com/wp-content/uploads/2012/03/dream1.jpg
60,I have a dream today!,http://family-from-afar.blogspot.com/2010/08/i-have-dream.html
62,I have a dream today!,http://robertfinkelstein.files.wordpress.com/2009/06/beautiful-sunrise.jpg
63,"I have a dream that one day every valley shall be exalted, and every hill and mountain shall be made low, the rough places will be made plain, and the crooked places will be made straight; ""and the glory of the Lord shall be revealed and all flesh shall see it together.""",http://admin.paintingwithatwist.com/images/paintings/medium/1944.jpg
63,"I have a dream that one day every valley shall be exalted, and every hill and mountain shall be made low, the rough places will be made plain, and the crooked places will be made straight; ""and the glory of the Lord shall be revealed and all flesh shall see it together.""",http://www.youwall.com/papel/sunny_valley_wallpaper_edbc7.jpg
2,"Five score years ago, a great American, in whose symbolic shadow we stand today, signed the Emancipation Proclamation. ",http://libertyletters.com/_images/resources/cw-main-emancipation-proclamation.jpg
2,"Five score years ago, a great American, in whose symbolic shadow we stand today, signed the Emancipation Proclamation. ",http://memory.loc.gov/ammem/alhtml/almintr.html
2,"Five score years ago, a great American, in whose symbolic shadow we stand today, signed the Emancipation Proclamation. ",http://www.everythinglincoln.com/images/articles/Lincoln-emancipation-proclamation-post-card.jpg
2,"Five score years ago, a great American, in whose symbolic shadow we stand today, signed the Emancipation Proclamation. ",http://forum.wordreference.com/showthread.php?t=1278543
4,It came as a joyous daybreak to end the long night of their captivity.,http://daybreakmagazine.files.wordpress.com/2011/01/daybreak.jpg
4,It came as a joyous daybreak to end the long night of their captivity.,http://fc01.deviantart.net/fs71/f/2011/098/1/2/sunny_day_2_by_c31marius-d3diow5.jpg
4,It came as a joyous daybreak to end the long night of their captivity.,"http://www.google.com/imgres?num=10&hl=en&safe=off&rlz=1C1GGGE_enUS355US387&biw=1366&bih=653&tbm=isch&tbnid=pvS2zpsnBxWNCM:&imgrefurl=http://www.cyprusupdates.com/2011/01/new-law-to-combat-racism-and-xenophobia/&docid=M4YAL2QxHfFLaM&imgurl=http://www.cyprusupdates.com/wp-content/uploads/2011/01/racism-546x387.jpg&w=546&h=387&ei=omCmT_LWMan64QS_7v2jDA&zoom=1&iact=hc&vpx=748&vpy=186&dur=1462&hovh=189&hovw=267&tx=86&ty=113&sig=102521586380849688489&sqi=2&page=1&tbnh=125&tbnw=176&start=0&ndsp=21&ved=1t:429,r:4,s:0,i:160"
4,It came as a joyous daybreak to end the long night of their captivity.,http://www.meg-moir.com/2010/11/a-reminder-for-myself/sunrise/
6,"One hundred years later, the life of the Negro is still sadly crippled by the manacles of segregation and the chains of discrimination. ",http://i.imgur.com/hJutc.jpg
6,"One hundred years later, the life of the Negro is still sadly crippled by the manacles of segregation and the chains of discrimination. ",http://images2.wikia.nocookie.net/__cb20080416190037/uncyclopedia/images/6/6c/Slaves_in_chains.jpg
6,"One hundred years later, the life of the Negro is still sadly crippled by the manacles of segregation and the chains of discrimination. ",worldsfamousphotos.com
6,"One hundred years later, the life of the Negro is still sadly crippled by the manacles of segregation and the chains of discrimination. ","data:image/jpeg;base64,/9j/4AAQSkZJRgABAQAAAQABAAD/2wBDAAkGBwgHBgkIBwgKCgkLDRYPDQwMDRsUFRAWIB0iIiAdHx8kKDQsJCYxJx8fLT0tMTU3Ojo6Iys/RD84QzQ5Ojf/2wBDAQoKCg0MDRoPDxo3JR8lNzc3Nzc3Nzc3Nzc3Nzc3Nzc3Nzc3Nzc3Nzc3Nzc3Nzc3Nzc3Nzc3Nzc3Nzc3Nzc3Nzf/wAARCADCAQMDASIAAhEBAxEB/8QAHAAAAgMBAQEBAAAAAAAAAAAABQYDBAcAAgEI/8QAOBAAAgEDAwMDAgQGAgEEAwAAAQIDAAQRBRIhBjFBEyJRYXEHFDKBI0JSkaHBsdHwJDM0YhVD8f/EABgBAAMBAQAAAAAAAAAAAAAAAAECAwQA/8QAIREAAgIDAQEAAwEBAAAAAAAAAAECEQMhMRJBEyIyUUL/2gAMAwEAAhEDEQA/AJ9FmRUVs80Tu52nhKrzmqcGkG3PJ4olbRImMjNZ9GjZ2hW5gO5hTAs3qcCqCSRAADAzV63VQm7IpQni8iDw4NJuqWzJKSopynlAQ0tXtxG8204zQdM5aLPTGqiMiOQ4P1p4hvYzGGLDtWeC1VV9VeKim6h/KgpvJI4oKVaRziPmoavFAh9w/vS7NfNeOSM7aVZtYa4fLtx8UV02+UgCg1JjRpFfqKGVoGMYIwOKRBqkgkaCZjkcc+a2WOzS9gwcc0s6v0HDcSNKigP8inUGByVmfXdvBcxE8ZNKtwZtNug8ZIANaVc9E30GTEW2/al7WOm7sId0JJFOotdA3/hd6a6tMaoJHwRWk6H1dDJtWRxivz9Pp99ZNkxOoHzVqx164s3G/PFL4p3EPu+n6lg1exlUZdK/P34vXMd11O4tuQExheeat9P6pq2uS7LJGWJT75m4UfT6mmaHp+CFjI8KzXDHmV+SaZSf1C0vjMh06yMb+pdqY17jcKOW8sInDQE7OwI+aZertB22TzYAZRx4pG0uQiPvyH7Ustv0MtLyado9zstoXyWcEbTnmtOW9Z9LV3Y5C8571i+l3TF1VQMLjjPmnvTtQeeL05ScKh3Ank10G0hZx2Det+nr3quOC4sjGXg3BlfIJBrJNe6c1fSHP52wlRfDgZX+9bqNQFpgEspY5NEUnivIjFOqSRkchhnNIs6U6aGljbjZ+aNPvGilBzyO1ap0V1XLZkbn9hHIzXnrX8OLedJb7QgIplBYweH+1ZnBdz2chjfcjocMp8Gryjf7RJp1+sjS/wATNce5svVhk9xPg+KyeW6klbLMSaPS6ib6D0p2yMUvTx+nKVHbxTrfRJa4Tw3roO9TnVZAuATQ1lKnkEVyruOKHiLOWSSVFmW9kkzuY81WJyalit3kcKKODpyVrYzAHgZrrjHR1SlspW3/ALCfaurzH/DQIQcjiupKHs3WW+MsgRccmr8UJEW40JtraRb1S3K5plutqWmeO1T/AOWyn0X7qdllAU1ct9QkWMA0AlvQ196Y5Oe1FYVLLyKnG2hnSL814Wgb7UkXl5IuofTNNEzhFINBLy1jLmQjmj0FVs+3us+jYZzyBSFPrjSTOzE96La9cBYGTPakWVw8pVeSaMIWzpSGOPXlXu3+aI2vVCp2elK00e5un9oOPmr1103NbwF8ngVbyv8ARPT/AMH7S+uzAcM4xTHZde27kCRh3+axbRrQySsJ2IA8ZovcWCLzHIQR8Gkf6/Qpekbna9UafcqAzLyKuO2jzxGWd4wuOSf+PvWFdPW91c3X8WV0s4/1MpwX+i/7NPKXEu9YrZE2Jgqy+4D7H/dOpMVqg5rNnolym1beQqw4IwCf+qCR9DdM3KhpNOnkcsc/+qYH+wo9ommvcSmSV3POCac7OyhtIwUUE+eOTTxTX0DehR0vTbawtFtbKxMMK8BVPP8AnvVxLJQxwxDEBlBH/maZZriEEKqj/wA8VU3RyLs3KfCqfB+9TmojRbQl9XJGdJuF2hiE8isM0t9szZ/rrevxBtZotBubq3UyIFO9UHI8Z+2a/P8AaK0VwySAq2eR8VLFFpSspOSbTQ4afMFfdHnae+PNNmlSBplZpDhgFCjvSLbXKC4Qq+zABGexNNFtqkVsokO31SODnJB/1RukCtkfVuuPaXscG4kjJz8jNNvS7SS2MUsu4Arux9az6w0a66l6q9ebJtE9xIPgeK1mzhWK3CIhwB28VOUF6TQyk6oIWqSSvkD+9Y/+MOgpYahFqVsiqk52yBf6vmtv0u2f0TKV2/QVmX4xFJNHmEeCFkXn65rXjTRnm0zHIZPOa+XMm4qR3FQB2Xtj+wrjIx7/APFMkTvVFh3WeLt7h8VDAPfzXQzNGTzwe9MPTGkfn5jcTNiIHhfk10nSDFWz5ollJLcIwhdk+QKd3v8ATraxeKeURvtxtIph0XTFWJFSPxjAFKP4m6L+UtvzGQGz2qCXp2XukJM5DTOUOVLHBrqghyYl5Paup7Jm6wyOp3DnmrdxcySWrADkigEN2Zp8IfYp5o/ZxmZRjkVmXqWkaKSQAsNLkN608o7mmNE2ryMCikFlDGu+TFA9f1OKHKQkE+MVZQ8rYnq2Vr1lZ9qiqV1DK64VDj7Uf6etIJ4vWuMEnnmr+pSWNvEdoXNH8dK2D2ZF1Hp0npMcGgOiaA8txvfJGfin/WZEu5CsYGKjsrZbaPJAFKpedIavR907TYbeMZGKHdS3MMNsygjNXLu/EYIBoBdW0moud2dtIk5Po10hON6UlJTIJNMHTGmXOsStPdSelYRH3sWwXP8ASv1+firUXTULTjf+kdyBTTabQEtrdFCRDCoBx85/erSa+Eo2fY4PzGwW0SIittRVwABTXoWmGQqXQDAxwO1VtD08XDr7POe3GadYrWK2iBZSSvn4por6zpNLSPcMcdnBuJ4UYyaDajrxkf04gyjP71DrF/6jGMnKgZIU0Enu4LO1kvbmZY0XmVmGMDwKTJk86R0IXthE3swkIcMijuuP1VENV9Mqd4GTgMPn5+azvUOulmuALJP4Q8v5NWNP1Fbp/UkdlUH3Kq8H7isjlJO2jR5jRrdrdRXCYb3xuu2QOOGrB+vtAfp3q25jB3W82JrdvlD4+4PFaf07esCEk9qkE4HIx8En9qq/ipYx6r0wb5dhuLBllyvfaeGFXxSfGSyL6jHTcATZJzg54oppEV3q2oJa2YyxHucj2xj5NVtD0G8126K2ienFxvuHB2IPnPk/QVrXT2l2fT9mLfT49zH3TSvjfIfOfj7VWXKETZPoOkQabZJBh3Kgbjnlj801WMCIOWy3/wBh2odpovZpiRHkP3JpkhjWziy8nsUc57Uscbu3wMpqqR6vb2O2smYnuuAAMHNYn+KN8txYwwRn3SSHeD4xWgdR3zMzI7cAn09v8x8YpH1bouTVZxKb1/VVfamOAfNUcqEUTIp4XQ5I4qGnnWukdSsELPF6ifK96TbmExyFSCCO4NNF2JKKXCKNd7qo8mtJ6Ut0UJEvLLWfacm66XjtzWldIxAXEcmG2sec+anl3ofEvprPTVmxtg0qAMo70h/jJAF0gy7jy+MVqWhbV092I2jHbtWU/jXNnSrdAc+pNxQ/nykMt+jLIIiIk4zxXVNCv8Nfee1dQsfyh+0xwmMv96YINbW2TYpGaR72PUrEGSW3cKO5Xmqltd3moNi3RuTjOKVyrgasfNQ6oIiKs/H3pYbVxcXG5m9oPmrtv03O9qZLpiWx2pD18z6fdNGuQviui3JiySSsfm6qECCKGTntwa+rfy3YDSuxz4zWYWF235gNI2eabrbUkCD3cV2SMgwkmhkidQ9erm6QLjd2pZn1mKPs9V7a9lvZt3OwUvl0H1sNiEzy5Par59KCPauN1UYmkdQkIOaguX9LdGr7pP52/wCqeKYJOi6tyiuuzJJ4wPNMmi6YGdWYYkPcfAoJ07bOVEsibm/lBFaL05YZT1pVx5xVYxJt0E9KsorSPceAOSKH65qW5mW3OABjAP6qs61fJBAURgW84+KUbiQ3V4qWwZQy4z80Mk/Ko6EfTtniN5Jy7zHEYyWzxhfkmq97o9p1HamG+M0dsvCbDg5/q+p+hobqN+s11+UiZWs7d9szA5Ej/H2FXbS4WSdI4zJDGq4UHgk+fvWZu3dl6rQsX34UahFMZNJ1C2uEHISbMTH+/t/zU1j0t1NasqS2SeP0zoc/5p3N8zDaASuNoz4+RUgMhMZDe1OO3nHn7Uz9T6Kko8B+kWt7atvvVix+kqzhj48Ke9XdSe3vFa2dN1vOCskZ9uR2x88/4q7BZzMgCBGIyORjHyaJWWkFS2IokLtuJHk00cTTsEsioA20EcMMVvZRqscZISJBhQP7GjVho+5hNdk5IyQP/OaMW2mwwHJjBcDvjmvmo38VsuNyFicYJq8YV0i53w+oY7ZGJAHnPxQa71YSphWVlZtu0Ak//wAoZq+pySRuvrekMfHBP/dLkDSajqDpC5ZYQN8oBXZ9B9e9JOaih4wbdhdWFxKbiR9yRDES+QfNXLWdNw3Hk0EvJRZoFyFVRhRQc67GJMepg5rH+S3ZdQNBlt4LiDY2CTWTfiL08lqGuolGc84FPFjra+ioDZyO9Dur2S+0ec5BIWtOGdkckUY7phHrVpfSyyxtD32ZHasysX9K4JxnFaf0rLu9IE5GMj6Gmy6YMf8AJsejS402XeuQBnJrJPxnP8LTgvt3OTitb0ZgdFmUkltuSax/8YmJOm7yCoJxTNW0CGrEmGI+kvI7V1TwTR+kv2rqzXIvo1TUJ7fYySAEHg5qvotla5LwouM+BSxrOsW3qmKJwwJ7j5pp6WjePTw7593PNNJAiwreuEgKKB2pG17REvycryfNNGq6hFCSGIoNBqK3E+1BnntSp1wPeiRe9Jvbxl0yCOaX5EvI3Mahz9hWzvZ/mhtYftQ/VrC0022Z3RQ32qqytE5Y0zMtP0y4uJN1xuCDuDTTploXdY4lwo7kVVa6Uk7eAavWt0YkIT2kjHHin/rbOSUVSC2pXMNlaiC1A9TGHYd6HxWh3I5Jy/6jiobT+LeAPyueAabdMsnup1jAyi+QO1dF26A+WFOltOyylgSnfmni5misrIH2jPYVS061isrcA8MBnNL+s6oXnAjYMRnGas2o9JU5PRV1O69SU7znd2ApP621w6TGILKXbdSIFJU8xp9fqaIa1qSaTZtf3mCQcRRg8ux/1WTXF9cXl9Nc3D+o8rHfnsazpfklfxFvXhbD+namIk2+oDJ2APGQfJ+SKY7fWAqCNZVcAcYz7c/HkVnQBicFOVzwM81fsLsxucjP0JxSyxVtDxyXpml2epE5LSHIYYVf90dgv41xuck5znjGftWcadfquCu71HPJxnNHUmCMT6mPdgseAMdxSXQaNHstfhTCug47MeAavQ9SWpYhDiQ9h4xWZy6naOMxySFVPubH+qr3GrQxb1VpFU/qHxVVkbRFwVmjX3UsjRFy2wMfYqnk0pXmtzS3TShGbDDJ5OB/3SxLqskuWtd6RkZBP83I4P8Av7UX6e01tTvEuL+99JVOcRv7m+3xXOTfQ0lwvafa3ms3GxUzGuJJW77PgE/OPHei91BFo2mSNbwNsjyxVRksT3J+TTfo8dnbQR21vGsMSjgd/wB8+T9aI3emW9xHhAvI7nzXSwqaOWRxZ+YNa6qutRnZQTGgOAKENeyKcsxNbx1X+HOl6mhYwCG4H/7Yhgn71mmpfhnqds7flJkmQf1cGioQiuAUptg7QtbYfw2fj60Y1DWd1q6ZyGWkq70+80i623UZQ5xnxV6eXdb7ifFKoKMrXBnJyW+giH3XbDOMk1pnSU8cSIsu0FVGD81mKHFzkfNOfSNw0moR28g3l8BR8U2ZfRcX+H6B6alWfTZlU8bKyj8bIi1lZyomVikILCtI6QOYru3Ue+IAZPBwaUfxhtg/S8zqM+mwP2poSTSFa6YnHqIVAu3tXVSW2nddyROynsQK6m/FAX8kjRem9Hiu3jnnQYHODTu1wsCCNMBVFBtMeK3hwp7cdqr6m91Id0S7lP8ASayu29mri0LvV2rsbwQRHLMcUw9LQJDEjSYLsM5NLeo6eiEXMw94Oeau6bqLMVCNgCmataFVp7NIRooozLxwKzPrrWnurgxRn2KeaaE1IS2xibuRjNJur6G0ryzxzYAyTmlg2nTGntaB2lJ6iG5nOI07D+o0WmYQxKzjDPzihdpsf0UVjsXuB2qwZfzd0xYEqvAq/SP0J6UD6pJGTnitT6TtlFqS4wzjv5rMNHykgKjPPNahpN6IbIOoxhapBfRZu9FzXb9baMRofGKTrlg26U5HGS3gCrF9dm5umLn2k80J6msNRu9PNtoxiZ5OJA0gUhfgZqOWW6Hxqtme9U6s2r3+FY/loBtjBPf5NATLtyB+xojrGh6xphxf2UsS44bblf70KjVS4DkgVaEUlolOTbPplbPevcDO0n6jjzU01pEse5GYk9qYNB0FpI90qFmIztA5rsklFWzscXJghLuWMrmJiR2KMQaJWl3dz8encSDPYtwfjIp107puzLhHjT1cBgDkkD6fPNOOj9NWETxkohZTkgDjHwf81njNT4jRKLitsy9dK1E7HlxEhbITHOf+6a+iemY9auJvz5LxRgBQHwS3nP0FFtbiWS6Cxfp3dwMYX4/x/mqehaq0N1tiBUZOMDbn9qpJqLJpNoN690hZtZtarAEVhlJU7qfH7VmEFzJpOpSWl3IY7iE454BHg1utveR3lqGfB+9Yz+M+mGK9tdThGA49NsfI7VzSk6BtKxj0jqx43jMzgr2znNP9h1NbuiepjaR+oGvzJZatcW6hWyV+TTNpXUMqcI+AT2JoJOLOtSP0S+oWc8Y2yKc+TQW/WNpD6cn9qQ7HqESwqNw3fOasz6zK6gAgZOAM0zlfTkq4L3X1nHOkmR2/T96zqFyYSh5IODTz1RqhZSCR25pEtpB6kuMHdQitBl0qtxOPvTh0spe7iMbBXjwc55pQnz6maZelJsXMfjPkV2VfqDF/VG6dG3QfVH8b0wxJ84qj+JkIk0O+gk5yhNV+lbtDqKY24LDmp/xSlYadMFUAtGcnxQx/zQX/AEzE7W6EduiBVwB811B47nagUg8V1K8WyqyqjTWnhR2iYMChPFemmZVVlOVI+e1U9aVjcCWLgEEE4xyKG3ErW9qkiyESM+NueMUvpXTDurDbmO6xFcAHPbPavC6VDC2IQEOe1UNP1dCNsgXPjIo9YTwXBxJtLY8VTxYjkUmjaFvdyB3xQXW9QC20sad24HNO9xpKzW5KEJgVnurWQnuGkD+nApIZz5P0FTeOpbCppopxyLDbKV4LDmpLJiO3f5qnO6nCx/oAwM1aslxhs8/FVQnWNOjBNwY5ye9OUUhS0Kr2xShoqqDknmmd5FVBhvFM5UgebZ4X0445J5BgDnJrtPlil3Sq7b25GBjihXWN7+Q0eEKx33DgAfAqHRLgPtLMQCOMVjbcnZdJJDbFKjj02XIIwVYZBH1zSV1v+H8Mkb3+gR7JFG6S1HZh8r/1TRDcBJFxz9aN2u1lLA7m7gfFUg5LaFkovTMN6Z0qS6Yyzo5jjOFTHn5/anrRILe6kdbPYDtBkYHnJPj696I6rp6Wtyt1AfRTcSyoMBWPmvOlpLFNE8EUMaZcFc/r59pH0pMk3N7KY4KC0HbKzla9VI42DqOMyYyB5P3ozqs4t7NYITtCg5wPFQxloLUGVCHK5Zt3IY/tS3q9/KiMDLtI5dgQQqjvmrwXhaIyfp2znuFSZWCsjkjcqPg9uCKIW7xySJJcxod5wrMmT/fvSTZai0ty9wz7w+CgbnA7cUwabMTL6vqkyYzyeF55AHmkaTds5OlSG4B4VVbaP3NzyMZH0oL1Job9QWLWk0cqKHDrJGAeR96L6Vex+v8AxlIY8b2zgGmS0S3l5R1+oHFVjGLJyk0YuPw+WNSWfKKcHem00M1boea2BksySvfjmt8ntEO5WC5zwTzxS7e2axl2jGJFJ4z4ppRdAi0z85yX13p9y8EgIZDgjsauQ9SSquMnt5NbHqmg6bqsO69sImk7Z24J/ek7U/w3087mt5prYk4G73KK64/QuMuoza+1Ca7kYu3tJ7VWjco3FMmt9FalpatIDHcRD+aM8/2pZYFTgggjwaoqa0Sdp7JpQcZoho87RSKVPbuPmqMeHj58VNpzhZAr/wBXf4pJcoaLqRs3SMqv6cre0cEFeTmjf4m7X6a9UhmLDaxP2pR6PuYo4zFkEdwTTN1FKl301cQlgzKCwGc1LC7dFclo/PLAhiB2Brq9zKRM4+prq1GY0PrGaSD8w6ld0cgbHkjsaT7rWTcIqFcY7GtG6ghtbmJpZFGZJVBH07UrdQ9HPbo81mhIGSQvOBWT1BS/Y1tTrQAjvBkYbBotpOpTJMFTLk+BQ3TOnb273SyoYLdDhncYJPwB3o/CLWytxHbRgPzyTkn7085JcEgpS6Gm125t7Jo3c+7jHn+/xSdrGoNKzDIA8Adv2qS9ui5Ynvjz2oFdSbj3yaEV6dsab8rRajJMSYNEdOlVZRvPGaDwP/BH0NErVQcNkkfFOxEx3sCqMCpGCM0bjl9qbxlSe9LumzR/l0OCGAxRG4uzDbFsjbipSfwpEDfiJcGfUdPtUYMoyePFW7KN44o1BxxQe1ge+vTeXWSF4QGi0YldgVbaopIqkkNJh7TZHDqpGQKcrGA+jv2EZFLvTFsJpFUjd8k0+4jhgCbRwK0xjrZCUxXvYFklMLAHcOQam0bSFUyTTBWRMbRgVDfuBexSq2GLY20VuLqKyhRZHVS3BOM1HwvVlfT80CdWmaX12IVUZtiqOMD+o/6rM+r9Ye32WhdhJLzI39KfGfk96fJpZNSnIjUgMMgL8A/P1qhL03NO5ae3DuSTggMAPHengm9sWUl8E7RdQVlbMgDAYBPIP3o3JfhIUbcGL4zs5OKsydBW0i740kikHIeE7cH65yDQ49I6zDv/ACF1BOq/yyj0yc/B7UninoPrWw/p2tbCxlO3J4wchs0Xs9c9F1dJiU+cf81mUq6tYri406UAfzRkN/kVJB1DaRuY7hZI3x2kBU/XvRSaYG09GrDqW5kdwMsWxkjx+1Vm1CfcwLFiRzkc0jQa7G4zDOqsO2KuLrrMeGEhxzzwTTubYqikOVvcsreoW3gnhfOK6a4jl3Kyk+7PNLVveq7jMgTI5AHajkNjBIhmW6bJHfNTk19KJFPWRlGC4Ix+gisg6rs0huzLGANx5ArVNZEtrbFwxk+pPNZf1JcrMP07TntTY3vQuRaAtmMkg19lBilyOxrrLO84q28fqjaRzVG/2onX62FdG1OaJ1bfhcYzTquofmrF/TbLFOQKywM8Eu0MRg+e1GrDVpIosLuyRzS+fLGU/SAd3GfzUvBHuPFdU91NE9w7ZIyc4xXVUlQ26lJcPciKAu537ioH8ucgn4oibiUqVuJnbI/SD5qWJCxb0SACpJdzgkj6+ajYozBpCfaCWKDt25rHkmuGuEf9K1xK86sE9qJksM/+c0BvZVYe05PZucYopezKV9NM7c9yeWP3pf1NgRuX2gjkD5oY9jzpKyrcXLyZDMAAfFD5Gy1epGYEjPeo8VsjGjHObkSQsQGXweavWUxVw2e3ih4VlIO0/wBq9AsX9gOT4rmgJ0PFnqSrAudo4qSITXjEyErD4B80J0bTZNomu2KgchDRWW5dvbDwo4rPJWzQmXojEnsXHFWrS1mnmAT9H0oZbp6i71/V80zdPAg5PNPCAspUOXTVnHbxruGCO9Ta3qAjDKjcCvEdzFbWhYtg4pR1nUd6th+Wq70iPWSRXwu79ERshTkmrur3RYgksPaSvyRQXp+FYiLiYBhK2AoODj5qDWtRSCYuHM3u9hAP6R5+nP8AxWaUkWihn0zZYoJWA3y4Jwex+M0XW6UlWILDt3x3/wCaytuqpwpWRXBBBDAijmk9Vwz7omd/0/pYAN/qgptKxnBM0eC6t5/YysPBAPP3rprC1kjYAqBjz5FJ9nqy3KiVWIIbaQ36h8ZFFUvz6ZCswx7iCe/zTrImhPxtFuPT4izQrEpGQACBg1Ff9MWN5atHdWMLxs27bIuefp8V702+keYMoyVbJ54HFG01WInbOhHg+QfrRSTBsyjWvwmSdzLoVw0BIz6UjbgP3pHvunte0WVluoJxGrY9WP3J/ev05D+WuYh6JTeewU8Gql7oH5jDSTlHxjtkfvTUxdGAaZDqcqCVJS+P0lqIxXeuwEoIVbzwa0PVOlZ7QtNDGuSf0rgA/wBqCTFUlCzptYfNZsvpcLwpiJqXUOqxbo7izkyfkZFLs0N3qMvqSxlc/wCK069SKUH2hqGPaIB2ApPzuK0tjfiUttifa6d6Y2kc1LHZtG7O/CCjssKxvuwMUF1a7CxsinnzVcTcnbEy0lSF68YeuxHzUYlYLgGo2JZiTXytdGWz2ZGJyWNdXtVjKjPeupbR1M2CewEbAruGexqhLacMXjPHxxTXJ6bDGMioJ1jc9sHH96yypaNitiLqWnzMhaGTgDlGGcfY0oXwaM7JlKuPFape2TKSY1G3HPOKA6ppsU0J/MKSngZ80qyLG9jeHNaM4Jya9RyFDlQM/Wrup6Y9m+Vy0R7MR2+9SaVo8184OCsfknzWz3FqzG4SUqPFoJbtwkabjnk4pjstLt7MiacZkxwDVy3gt9OhEcaDd81UuZJHfg5WoylZWMaJLq4kl4jGF+Kpido2CnzxXl5pBnHaokV3kDOOKKQWMGmMSPoaY9NlEWSrAH4pXsG/iBRwKIzSegCVf/NN6oFWFbzU5H3KX7eKDgPdS45bnmqkck11OI4lLs3gUxtYPpekzXt0FT0EL7FPJPgE/GSOKSeShowK2o3MdmFggXdNImeRwPv8Af5oJForX5D3167FuyqcD+3igF1rR3s28MZDuZsZJo90jZ3us3wucyx2kXDSBiN3/wBVqUvSVvQ6UeBKDorSphtD3YfOCyP/AKqhqfROq6WWutNdr5EGTHsIlA+g8/tWjQWSKdltnaq8H9TE/H3+tGLSN47nYZZMpjjyOPBrlN/QOK+GGad1KtvN/wCoLq36SecfvTNb63Ddwsbe5LOwwSG7E/Svv4wdJxQhNf06EIskmy6RTxuPZvpnz+1ZlELi2lV13RnPBFP+GMlcXQv5ZRdSRtenaoILZnVwF5w5PBI8GrcOriSdVMqbmGe1ZRDezvEgnuztxyo45+asx6hNbMXguRKDxhxnH0yKH4skR/cJI2XTtSC7QzjO7AxTBb6kWQCTDKBgkGsLsesQuYpwI+ODnIposOqo5QvpMTJjyQc1ynKL2BwT4a/a3MF2CgIIA7E0vdT9Ox3EEkqLuHkjuPqKC2HUK+oHdwoPc/Bpz0/U0uItrEZNWjOMiLi4MxTV1m0q5MEp3w5/hyjsfv8AWg9xqQRc7sVqHWXTkVwJwIS0Uy5wnBU+GH2rFLnSby1vntZnBdTgMTw48Efeoywqy0cjolur55QdjHihV1E8/JbJPxTRpnTU9zH6m1h8jbxiisnSZgUlsjA5A81SKpaJy30zaa2eMDOD9qhVSWwBTXqVhFAzGIn6q1LV3hZsoMZqqbIySXC+lkCi/p7V1DfzMvhzXU+jvRrU+ozfmXRTtjA/VVZtVZSFVyWXzQPqmS5sZifUYRv2oDbXc9zKFgVmbPOKwwUpKzY2k6HqLVXIxJJv+civcksN0MnhvIPY0I0rSrmRS8j/AFIzVlYXUtsOAvBoNp6kGvqPDWkTcTDcB2BqG4uY7VdsShR8Coby4eBuXyDQ+ctJ7vFNCFLQjk2StO0xOaheXaeDXlEaRcJnNS22myO+ZjgVZJCttEADSNhckGrcUJ9oY4q4729rHtUAn5qj+Y3vxQYEWGnWIgKcY81BJdSTybEJOa+xCIShpfcD4q0iWU8+9lYhO6qxGD44/eu4rOvdDJ0bBFaulwzAyYB+cftR7qdBe6deWAdVM8eEJPt7gilS3muIUWK1GwcDC8ZFSxXbRSxrMHkLZDKvGMf7qck5aHToh0LoO2RhPqLG7KAZRBtjH+2/xTvbpHHGsMX5eOOMYVdvA/YUNs45ZUkELcOBkHutMuhaUsab5gNwbJJO6j4cnsX2kTaXYsHLRIFOACwJ7fOPFFDF+XjYSD24/V5/v81ejkiigZs4CrhvJNB7663IRGCEIxx3H2ouMYK2BNy0BeqIY7vpTVY2bMahGK7f5gwrCtTdbfuCTjFav1zq50vp2RHkHrXkgQY7kLySf8CsTlme5mAdiQTxRwrVnZpbpBHQ7WO7uc3W8p4UcBj9TWm6LbadJsgNuhBI2tAOAD+1Z/oM35W73ZPYrThYXBLD0ztTHIVe9CcrZ0I0hs1X8PtF1WywkfoS8bZFXaQf91jetadf9MatJZzMfaTtYdmFa3DezqB6UmfSA2r3B+a9azpmhdSRK+sQsbhRgXdv7W/6Yfekg/L3tBkta6Z5oPULPIsdyx2luAB3rTNE1NBHGElyc9/B+KQ7/wDDmSFjJo2ox3CZysVwPSfHjnsaLaFa6jp7+jqFrLGBj3H3L+xFLOou4jr9ls131kv7TAA9o7g4waTptCspNUiuZINziPaExkdzRfQrtmR1JIIx+9VtUvHsTNcWzBZEU8EdxVvVpMn5q0RzGC0tZNwSPa3tXOCRSvq2qK0J24H1zQXVNf3vJJJNyf5j2pfku73UZdtnBKUPdmXAxTOdaQFFfSHWLwM7gHcD3xSxcNmQ/Sjuo6PcRAmZmTzz2NAJomifa1NBp7EyXw8V1dXVQka3rNlDqFmRMmccjFKaSx2ORbqEIODTsuGhZT8Ui6pbst/KvjORWWKqVGt3QWsdWmi96LnI5qO51He5ZTt3dxVCO5ESbFFRhfUOeDT/AI1dg9OqPs0bSNktkVPZW73DBBwtWYLUMnPbFXrWNIx7DijpA6ensIraMFRk14WF3jO0g/QV9ur0RKV7mg3/AOYNpNuP9s0m5cH0ukl2uM5HI7iqahTJH7godtoJPn4qvf6lJdyb0Xap7/WvdpdxwxxOY84bkfNMotIVyTegnbQrJIwZcqHwT3A+5q1JeSWzenb24RWz7j/OPPJoXbzKzyur7CcsATgfarK3kt0irPccYGCRkLQp9Ov/AAvxXL2AMsJX1s4PdgPrVy0lurkCdVUJu+xb5qvZTW5VnGCucYAzu4oxp91YW8XqJjJPYnFOkLJhjS3aZyRLhsZKZIH2pih1JYFMbZAzwQc0qW2qQGRvSRV+G75NfbjU4BcGOeWQ7jkhF7Dz+9c3sVIbI9XiMeUPO7a2f9VQm1j9cx/+MoYuwySceBjuaXLSO+1G4JtVZIw2N7/H2+aaYdKaKJUOBxzuHioSUpbSLRlGJh3WWvza9qjzSApHGPTiiPGxR4I+fml8HDA9sVvXUGg2N7Gy3VnFPheJMe4H7iso6i6bFhIzWhdlz+hu61XHlVU1RKeN3adlK1mJkDKw25Bx5zTXpU+YixTgccc7qQoZWibGOPimbp7UQFERZNoJJB+1Lli6tFMMk3TH6ynVIkG5G9oJ8YGT/wAVeW6WQlV3NERhFB4A8nFK1jPtVkKqImAJIHOfINE7e4hRSvG3BwR48Vni2WlFDLGI2WJQzNxywXv9Mf7qwLYmLEDKFP8ANytBbK9yCsb7VGB+1HLS5Ro9zDsf2qy2RkqIYrXUo1L2srggeMft96pXdtqU0Zjuo0kWQYck7T/inTTFjlAAZQe1EZreNgN4Q1fxoj72ZfY9LWaXr50+ICNd3qSSs+PsDxXrUlWFpIltHR0bb7SCT9Rninu7t4rZWaNQB34NK11ErzyyAukx/QZOzCpvGlsomZ9q6zSPgh/TdsYlOMDz/akzVLf02YKwZQeDWhX8rT2zRMMFGPIPcHjt/wCdqS9ZjRIiTJuYLgk9yaaPRZ8F6urq6rEDYov0ftStqf8A89/sK6urNH+kbHwGSf8AuVJF3NdXVVEmG7X/ANg/aoIicNzXV1Tnxjx6Drsk3AyaB65xeEDttFdXUcfwGUhRj6acn9XzU2TvjGTyea6uqgiCunRo2mXDsilg3DEcio4u7DxjtXV1BDfC4XYDAYjO3ODXu/J/LxjJxuPFdXVwAnZDFnkVLESbqAEkgvXV1Kcx30slblwpwMHgfamtSS8gJ4211dVF/Ir6R34CwS7QB7R2+9Z71ciiG6IUZwOcV1dUZlYGSamALyQAY5qO3JD8EjjxXV1Vf8kY/wBj3pDE2t0SSSsSkE+DzzRW3Az99ufrXV1Y0bWHtNVRaxkKM884+tWYPamV4JPJFdXUcXSeTgwaOSA/PxRtXfA9zdvn611dW5cMv0o3TN/G9x4Bxz24pbkkceuQ7A7B5+9dXUkii6JeocqxPc7T/wA0h68T6qjJxXV1LDp0wVXV1dVCB//Z"
14,"Instead of honoring this sacred obligation, America has given the Negro people a bad check, a check which has come back marked ""insufficient funds.""",http://grammar.about.com/od/classicessays/a/dreamspeech.htm
14,"Instead of honoring this sacred obligation, America has given the Negro people a bad check, a check which has come back marked ""insufficient funds.""",http://www.echeckcollect.com/wp-content/uploads/2011/11/paycheck.jpg
14,"Instead of honoring this sacred obligation, America has given the Negro people a bad check, a check which has come back marked ""insufficient funds.""",http://yourblackworld.com/wp-content/uploads/2011/09/New-Face-of-Black-Poverty.jpg
14,"Instead of honoring this sacred obligation, America has given the Negro people a bad check, a check which has come back marked ""insufficient funds.""",http://brotherpeacemaker.files.wordpress.com/2008/04/artwork-tearsofablackman-21.jpg
16,We refuse to believe that there are insufficient funds in the great vaults of opportunity of this nation.,http://www.bullionvault.com/images/landingpage/Gold_Vault.jpg
16,We refuse to believe that there are insufficient funds in the great vaults of opportunity of this nation.,"http://www.google.com/imgres?q=best+employment+period+in+the+us&hl=zh-CN&gbv=2&tbm=isch&tbnid=7qXjQ6R4fCrUtM:&imgrefurl=http://www.businessinsider.com/sad-facts-deindustrialization-america-2011-11%3Fop%3D1&docid=nfBqte_wCxUSoM&imgurl=http://static5.businessinsider.com/image/4ca0981e7f8b9abd044e0600-590/from-1999-to-2008-employment-at-the-foreign-affiliates-of-us-parent-companies-increased-an-astounding-30-percent-to-101-million.jpg&w=590&h=388&ei=FVGmT-GaBoeQ9QT245i6Aw&zoom=1&iact=hc&vpx=163&vpy=332&dur=614&hovh=182&hovw=277&tx=172&ty=119&sig=103631594467591739754&page=1&tbnh=107&tbnw=162&start=0&ndsp=18&ved=1t:429,r:6,s:0,i:86&biw=1280&bih=650"
16,We refuse to believe that there are insufficient funds in the great vaults of opportunity of this nation.,http://www.amarelloeventos.com/wp-content/uploads/2012/02/Opportunity.jpg
16,We refuse to believe that there are insufficient funds in the great vaults of opportunity of this nation.,"http://www.google.com/imgres?start=21&num=10&hl=en&safe=off&rlz=1C1GGGE_enUS355US387&biw=1366&bih=653&tbm=isch&tbnid=hQJV2MdBRCNSuM:&imgrefurl=http://dreamasreality.com/today-in-racism/&docid=xpnEmFhgcZQq9M&imgurl=http://dreamasreality.com/wp-content/uploads/2012/02/Racism.jpg&w=500&h=334&ei=9mCmT-3cHYLP4QTygvzXBA&zoom=1&iact=hc&vpx=480&vpy=344&dur=347&hovh=165&hovw=235&tx=154&ty=90&sig=102521586380849688489&page=2&tbnh=140&tbnw=180&ndsp=27&ved=1t:429,r:2,s:21,i:9"
17,"And so, we've come to cash this check, a check that will give us upon demand the riches of freedom and the security of justice.",http://www.moneymarketcheckcashing.com/images/Check_cashing_santa_cruz_a.jpg
17,"And so, we've come to cash this check, a check that will give us upon demand the riches of freedom and the security of justice.",http://theeuropeans.net/blog/images/king1.jpg
17,"And so, we've come to cash this check, a check that will give us upon demand the riches of freedom and the security of justice.",http://www.infoimagination.org/ps/martin/images/coretta.jpg
17,"And so, we've come to cash this check, a check that will give us upon demand the riches of freedom and the security of justice.",https://www.rbfcu.org/NB/html/MemberServices/images/FCCimage.jpg
21,Now is the time to rise from the dark and desolate valley of segregation to the sunlit path of racial justice.,http://cache2.artprintimages.com/lrg/21/2189/C1FAD00Z.jpg
21,Now is the time to rise from the dark and desolate valley of segregation to the sunlit path of racial justice.,http://www.journeysedge.org/Sunlit%20Path.jpg
21,Now is the time to rise from the dark and desolate valley of segregation to the sunlit path of racial justice.,http://veronicaplace.wordpress.com
21,Now is the time to rise from the dark and desolate valley of segregation to the sunlit path of racial justice.,http://farm6.staticflickr.com/5129/5264776967_cb7794d606_z.jpg
22,Now is the time to lift our nation from the quicksands of racial injustice to the solid rock of brotherhood.,http://4.bp.blogspot.com/_kueIcDu55I4/TIX09nza5FI/AAAAAAAAIDk/k3tI3xaLEso/s320/racial-harmony-arms-linked.jpg
22,Now is the time to lift our nation from the quicksands of racial injustice to the solid rock of brotherhood.,http://upload.wikimedia.org/wikipedia/commons/thumb/c/c3/1963_march_on_washington.jpg/300px-1963_march_on_washington.jpg
22,Now is the time to lift our nation from the quicksands of racial injustice to the solid rock of brotherhood.,http://1.bp.blogspot.com/_lm2JI7sGwYI/Rzp_rNqcoOI/AAAAAAAAA3s/Qs1rys5zfz0/s320/civil_rights_MPI.jpg
22,Now is the time to lift our nation from the quicksands of racial injustice to the solid rock of brotherhood.,http://www.independentsday.org/images/1210/posters/adrianadebarros.gif
25,This sweltering summer of the Negro's legitimate discontent will not pass until there is an invigorating autumn of freedom and equality.,http://www.brainyquote.com/quotes/quotes/m/martinluth162495.html
25,This sweltering summer of the Negro's legitimate discontent will not pass until there is an invigorating autumn of freedom and equality.,http://i.imgur.com/jAFry.jpg
25,This sweltering summer of the Negro's legitimate discontent will not pass until there is an invigorating autumn of freedom and equality.,"http://www.google.com/imgres?num=10&hl=en&safe=off&rlz=1C1GGGE_enUS355US387&biw=1366&bih=653&tbm=isch&tbnid=pvS2zpsnBxWNCM:&imgrefurl=http://www.cyprusupdates.com/2011/01/new-law-to-combat-racism-and-xenophobia/&docid=M4YAL2QxHfFLaM&imgurl=http://www.cyprusupdates.com/wp-content/uploads/2011/01/racism-546x387.jpg&w=546&h=387&ei=omCmT_LWMan64QS_7v2jDA&zoom=1&iact=hc&vpx=748&vpy=186&dur=1462&hovh=189&hovw=267&tx=86&ty=113&sig=102521586380849688489&sqi=2&page=1&tbnh=125&tbnw=176&start=0&ndsp=21&ved=1t:429,r:4,s:0,i:160"
25,This sweltering summer of the Negro's legitimate discontent will not pass until there is an invigorating autumn of freedom and equality.,http://wallpaperstock.net/it's-autumn_wallpapers_20240_2560x1600.jpg
28,And there will be neither rest nor tranquility in America until the Negro is granted his citizenship rights.,fashiontribes.typepad.com
28,And there will be neither rest nor tranquility in America until the Negro is granted his citizenship rights.,"http://www.google.com/imgres?hl=en&safe=off&sa=X&rlz=1C1GGGE_enUS355US387&biw=1366&bih=653&tbm=isch&prmd=imvns&tbnid=81y1nbnF7pYQkM:&imgrefurl=http://en.wikipedia.org/wiki/Martin_Luther_King,_Jr.&docid=tSY7kQs7hLIAPM&imgurl=http://upload.wikimedia.org/wikipedia/commons/thumb/e/e6/March_on_Washington_edit.jpg/170px-March_on_Washington_edit.jpg&w=170&h=254&ei=-1-mT9CrJM734QSSubSsCQ&zoom=1&iact=rc&dur=392&sig=102521586380849688489&page=1&tbnh=137&tbnw=92&start=0&ndsp=24&ved=1t:429,r:1,s:0,i:146&tx=52&ty=112"
28,And there will be neither rest nor tranquility in America until the Negro is granted his citizenship rights.,http://www3.villanova.edu/centennial/nkb6.JPG
28,And there will be neither rest nor tranquility in America until the Negro is granted his citizenship rights.,http://www.loc.gov/wiseguide/feb09/citizenship.html
30,"But there is something that I must say to my people, who stand on the warm threshold which leads into the palace of justice: In the process of gaining our rightful place, we must not be guilty of wrongful deeds.",http://www.varanasiestate.com/wp-content/uploads/2012/02/better-personal-lighting-300x257.jpg
30,"But there is something that I must say to my people, who stand on the warm threshold which leads into the palace of justice: In the process of gaining our rightful place, we must not be guilty of wrongful deeds.",http://www.revealingwisdom.com/wp-content/uploads/2011/01/Vienna_Palace-of-Justice.jpg
30,"But there is something that I must say to my people, who stand on the warm threshold which leads into the palace of justice: In the process of gaining our rightful place, we must not be guilty of wrongful deeds.",http://www.amnesty.ca/site_images/managed/peaceful_protest_right.jpg
30,"But there is something that I must say to my people, who stand on the warm threshold which leads into the palace of justice: In the process of gaining our rightful place, we must not be guilty of wrongful deeds.",http://madamenoire.com/77143/how-to-date-man-who-has-been-sexually-abused/sad-black-man-4/
34,"Again and again, we must rise to the majestic heights of meeting physical force with soul force.",http://4.bp.blogspot.com/_GWfD-BhrP6M/TGyBE_emulI/AAAAAAAAALY/MUgoPf1GpmU/s1600/woman_rising.jpg
34,"Again and again, we must rise to the majestic heights of meeting physical force with soul force.",http://pausetouplift.files.wordpress.com/2011/11/soaring-eagle.jpg
34,"Again and again, we must rise to the majestic heights of meeting physical force with soul force.",http://www.rockneurotic.com/images/eikhorn%20pinnacle.jpg
34,"Again and again, we must rise to the majestic heights of meeting physical force with soul force.",http://t1.gstatic.com/images?q=tbn:ANd9GcThDj8IHoZkjICqJkRjzkZ5UdthWqPglaUAtKlupybSOm4S5tI
36,And they have come to realize that their freedom is inextricably bound to our freedom. We cannot walk alone.,http://inextricablybound.com/2011/03/inextricably-bound/
36,And they have come to realize that their freedom is inextricably bound to our freedom. We cannot walk alone.,http://t2.gstatic.com/images?q=tbn:ANd9GcSCfHKvFHs8lTG7_m_Ab8gMXPQX6c10g73L0OSZpez-tzMUB7vqkA
36,And they have come to realize that their freedom is inextricably bound to our freedom. We cannot walk alone.,http://www.theipinionsjournal.com/wp-content/uploads/2010/08/mlkb.jpg
36,And they have come to realize that their freedom is inextricably bound to our freedom. We cannot walk alone.,http://isles.org/main/wp-content/uploads/2009/03/ech-spirit-walk-spirit34.jpg
38,"And as we walk, we must make the pledge that we shall always march ahead. We cannot turn back.",http://www.windows8update.com/2011/10/11/the-road-to-windows-8-part-1-the-build-conference/
38,"And as we walk, we must make the pledge that we shall always march ahead. We cannot turn back.",thissacramentolife.com
39,"And as we walk, we must make the pledge that we shall always march ahead. We cannot turn back.",http://www.newlaunches.com/entry_image/0709/28/Marching_soldiers.jpg
39,"And as we walk, we must make the pledge that we shall always march ahead. We cannot turn back.",http://communities.washingtontimes.com/neighborhood/urban-game-changer/2012/mar/13/mitt-romney-civil-rights-governor-george-romney/
48,Some of you have come fresh from narrow jail cells.,http://prisoncellphones.com/blog/2011/09/03/prison-orderly-smuggling-cell-phones/
48,Some of you have come fresh from narrow jail cells.,http://grafton123.com/wp-content/uploads/2012/04/33.jpg
48,Some of you have come fresh from narrow jail cells.,http://www.nyym.org/art/cell0705.jpg
48,Some of you have come fresh from narrow jail cells.,http://www.whereinquebec.com/wp-content/uploads/2009/04/where-in-quebec-prison-cell-mlt-mod-450x607.jpg
50,You have been the veterans of creative suffering.,http://farm3.static.flickr.com/2491/3833903964_538ab48e86.jpg
50,You have been the veterans of creative suffering.,http://field-negro.blogspot.com/2010/03/how-do-they-do-it.html
50,You have been the veterans of creative suffering.,http://4.laprogressive.com/wp-content/uploads/2009/08/veteran.gif
50,You have been the veterans of creative suffering.,amazzicolors.wordpress.com
55,It is a dream deeply rooted in the American dream.,"http://www.google.com/imgres?q=american+family+cookout&num=10&um=1&hl=en&rlz=1C1CHFX_enUS470US470&biw=1241&bih=584&tbm=isch&tbnid=nd9ts3b4KZOuBM:&imgrefurl=http://www.istockphoto.com/stock-photo-16267608-african-american-family-cookout.php&docid=r9sFtjUJPrCg1M&imgurl=http://i.istockimg.com/file_thumbview_approve/16267608/2/stock-photo-16267608-african-american-family-cookout.jpg&w=261&h=380&ei=nQSmT9CwK8rgiAKmiODMAg&zoom=1&iact=rc&dur=296&sig=110100615250875521041&sqi=2&page=1&tbnh=112&tbnw=75&start=0&ndsp=24&ved=1t:429,r:1,s:0,i:74&tx=15&ty=29"
55,It is a dream deeply rooted in the American dream.,http://thesilloftheworld.blogspot.com/2010/01/it-is-dream-deeply-rooted-in-american.html
55,It is a dream deeply rooted in the American dream.,"http://www.google.com/imgres?um=1&hl=en&safe=off&sa=N&rlz=1C1GGGE_enUS355US387&biw=1366&bih=653&tbm=isch&tbnid=2b6qmvMtr8wuxM:&imgrefurl=http://platytera.blogspot.com/2011_10_20_archive.html&docid=jdRuVq_ryCOFSM&imgurl=http://3.bp.blogspot.com/-3G9314GY5wg/Tp7cW0gM4ZI/AAAAAAAAAzo/da7WbBVpjas/s1600/king.jpeg&w=201&h=251&ei=W1-mT5rYCYbm4QSlnODFCA&zoom=1&iact=hc&vpx=1074&vpy=325&dur=366&hovh=185&hovw=149&tx=50&ty=62&sig=102521586380849688489&page=1&tbnh=141&tbnw=119&start=0&ndsp=22&ved=1t:429,r:13,s:0,i:102"
55,It is a dream deeply rooted in the American dream.,http://familyonbikes.org/blog/wp-content/uploads/2011/09/american-flag.jpg
59,I have a dream that my four little children will one day live in a nation where they will not be judged by the color of their skin but by the content of their character.,http://talknerdy2me.org/wp-content/uploads/2012/01/1college-graduates.jpg
59,I have a dream that my four little children will one day live in a nation where they will not be judged by the color of their skin but by the content of their character.,http://www.teachingenglishgames.com/images/girl_playing_doctor.jpg
59,I have a dream that my four little children will one day live in a nation where they will not be judged by the color of their skin but by the content of their character.,http://www.thefrogandtheprincess.com/Images/tla-friends-come-in-all-colors-best-friends-wa-2.jpg
59,I have a dream that my four little children will one day live in a nation where they will not be judged by the color of their skin but by the content of their character.,http://lh3.ggpht.com/_qm4HVkF5dxY/TTNBvJEnLEI/AAAAAAAAFLk/qP6Cw4BOyqU/i%20have%20a%20dream%20watercolor%20painting%5B3%5D.png
61,"I have a dream that one day, down in Alabama, with its vicious racists, with its governor having his lips dripping with the words of ""interposition"" and ""nullification"" -- one day right there in Alabama little black boys and black girls will be able to join hands with little white boys and white girls as sisters and brothers.",http://thehiphopdemocrat.com/wp-content/uploads/2011/04/white-and-black-preschool-girls1.jpg
61,"I have a dream that one day, down in Alabama, with its vicious racists, with its governor having his lips dripping with the words of ""interposition"" and ""nullification"" -- one day right there in Alabama little black boys and black girls will be able to join hands with little white boys and white girls as sisters and brothers.",http://thehiphopdemocrat.com/tag/white/
61,"I have a dream that one day, down in Alabama, with its vicious racists, with its governor having his lips dripping with the words of ""interposition"" and ""nullification"" -- one day right there in Alabama little black boys and black girls will be able to join hands with little white boys and white girls as sisters and brothers.","http://www.google.com/imgres?num=10&hl=en&safe=off&rlz=1C1GGGE_enUS355US387&biw=1366&bih=653&tbm=isch&tbnid=VztP0fEFW1-zsM:&imgrefurl=http://jesuitjottings.blogspot.com/2012/04/treyvon-martin-healing-racism-through.html&docid=eTOzl-PuxgLuSM&imgurl=http://2.bp.blogspot.com/-27KN1YCMLGo/T3y7EsPdPcI/AAAAAAAAAmo/luZWWnvTfiI/s1600/no-racism.gif&w=450&h=466&ei=omCmT_LWMan64QS_7v2jDA&zoom=1&iact=hc&vpx=463&vpy=167&dur=445&hovh=228&hovw=221&tx=113&ty=140&sig=102521586380849688489&sqi=2&page=1&tbnh=132&tbnw=127&start=0&ndsp=21&ved=1t:429,r:2,s:0,i:156"
61,"I have a dream that one day, down in Alabama, with its vicious racists, with its governor having his lips dripping with the words of ""interposition"" and ""nullification"" -- one day right there in Alabama little black boys and black girls will be able to join hands with little white boys and white girls as sisters and brothers.",http://www.chescocf.org/funds/Fund%20purpose/children%20holding%20hands.jpg